[
  {
    "Id": "187727",
    "ThreadId": "55589",
    "Html": "I have referenced the Gnu.Getopt dll in a c# console application. I\r\nmanage to create an array of longopts and build the solution (which\r\nmeans the DLL reference is correct. However when i execute the\r\napplication i got the following error:<br>\r\n<br>\r\n-----------------------------------\r\n<div id=\"ctl00_ctl00_MasterContent_Content_DescriptionPanel\"><wbr>-----------------------------------<wbr>-----------------------------------<wbr>-----------------------------------<wbr>-----------------------------------<wbr>-----------------------------------<wbr>-----<br>\r\nUnhandled\r\nException: System.IO.FileLoadException: Could not load file or assembly\r\n'Gnu.Getopt, Version=0.9.1.24287, Culture=neutral,\r\nPublicKeyToken=d014b4ccdc53511a' or one of its dependencies. Failed to\r\ngrant permission to execute. (Exception from HRESULT: 0x80131418) File\r\nname: 'Gnu.Getopt, Version=0.9.1.24287, Culture=neutral,\r\nPublicKeyToken=d014b4ccdc53511a' ---&gt;\r\nSystem.Security.Policy.PolicyExcept<wbr>ion: Execution permission cannot be acquired. <br>\r\n<br>\r\n-----------------------------------<wbr>-----------------------------------<wbr>-----------------------------------<wbr>-----------------------------------<wbr>-----------------------------------<wbr>-----------------------------------<wbr>-----<br>\r\n<br>\r\nAny suggestion will be appreciated.\r\n</div>\r\n",
    "PostedDate": "2009-05-07T07:05:45.15-07:00",
    "UserRole": null,
    "MarkedAsAnswerDate": null
  },
  {
    "Id": "214962",
    "ThreadId": "55589",
    "Html": "<p>I can reproduce this problem if I revoke my Traverse Folder/Execute File permission on my Gnu.Getopt.dll file.</p>\r\n<p>You can find this permission in the Advanced Security Settings dialog box and I guess in cacls or xcacls or whatever is popular these days.</p>\r\n<p>&nbsp;</p>",
    "PostedDate": "2009-07-22T13:34:44.643-07:00",
    "UserRole": null,
    "MarkedAsAnswerDate": null
  },
  {
    "Id": "229093",
    "ThreadId": "55589",
    "Html": "<p>Same error here using vs2008. Compiling Getopt from svn sources solved the problem.</p>\r\n<p>Regards</p>",
    "PostedDate": "2009-08-30T07:05:26.153-07:00",
    "UserRole": null,
    "MarkedAsAnswerDate": null
  },
  {
    "Id": "438912",
    "ThreadId": "55589",
    "Html": "<p>Same error on my machine, Compiling from sources did not solve my problem :-/</p>",
    "PostedDate": "2010-05-04T10:45:17.747-07:00",
    "UserRole": null,
    "MarkedAsAnswerDate": null
  },
  {
    "Id": "500701",
    "ThreadId": "55589",
    "Html": "<p>I realize this thread is very old. But for those, who are desperate to make this DLL work, follow the instructions below:</p>\r\n<p>1) Get the source of Gnu.Getopt.</p>\r\n<p>2) Use MS Visual Studio 2005 or greater to open the project. I have not tried opening the project in earlier versions.</p>\r\n<p>3) In Gnu.Getopt project, edit AssemblyInfo.cs</p>\r\n<p>4) Comment the last section, where the lines start with ﻿﻿﻿﻿[assembly:SecurityPermission(</p>\r\n<p>5) Now compile Gnu.Getopt</p>\r\n<p>6) Use the new DLL in your project</p>\r\n<p>I hope this works out for you.</p>",
    "PostedDate": "2010-09-30T13:37:26.07-07:00",
    "UserRole": null,
    "MarkedAsAnswerDate": null
  }
]