[
  {
    "Id": "1345098",
    "ThreadId": "578344",
    "Html": "I realize that this project is moribund at this point, but I'm hoping somebody still keeps an eye on the discussions. As I mentioned <a href=\"http://stackoverflow.com/questions/28073850/how-do-i-tell-mono-where-to-find-a-library\" rel=\"nofollow\">on StackOverflow</a>, I'm having trouble getting mono to find the library when I install it. gacutil registers it just fine, and shows that it's loaded after registering, but mcs doesn't see it. I've tried linking the DLL into /usr/lib/mono/4.5, but haven't been able to figure out how to tell mcs that it's there. Any pointers?<br />\n",
    "PostedDate": "2015-01-22T05:58:47.993-08:00",
    "UserRole": null,
    "MarkedAsAnswerDate": null
  }
]