{
  "WorkItem": {
    "AffectedComponent": {
      "Name": "",
      "DisplayName": ""
    },
    "ClosedComment": "",
    "ClosedDate": null,
    "CommentCount": 0,
    "Custom": null,
    "Description": "Is this your idea of an ester egg?\n \n[assembly: SecurityPermission(SecurityAction.RequestRefuse, Execution = true)]",
    "LastUpdatedDate": "2013-02-13T18:54:37.767-08:00",
    "PlannedForRelease": "",
    "ReleaseVisibleToPublic": false,
    "Priority": {
      "Name": "Low",
      "Severity": 50,
      "Id": 1
    },
    "ProjectName": "getopt",
    "ReportedDate": "2009-03-06T07:28:09.987-08:00",
    "Status": {
      "Name": "Proposed",
      "Id": 1
    },
    "ReasonClosed": {
      "Name": "Unassigned"
    },
    "Summary": "is this your idea of an easter egg?",
    "Type": {
      "Name": "Issue",
      "Id": 3
    },
    "VoteCount": 1,
    "Id": 12764
  },
  "FileAttachments": [],
  "Comments": []
}