[
  {
    "Id": "0",
    "Name": "Gnu.Getopt.Net 0.9",
    "DevelopmentStatus": "None",
    "Description": "Version 0.9 - initial release (2004/01/28)\r\n\r\ntodo: Add permission assembly attributes.\r\ntodo: Test MessagesBundle translations (encoding).\r\ntodo: Write automated test scenarios for the class Getopt.",
    "ReleasedDatge": "0001-01-01T00:00:00",
    "ModifiedDate": "2007-05-18T15:26:50.813-07:00",
    "Files": [
      {
        "Id": "258568bf-96c3-4229-9627-b6691cd01b23",
        "FileName": "getopt.net-0.9-src.zip",
        "Url": "./0/258568bf-96c3-4229-9627-b6691cd01b23",
        "Type": "Source Code",
        "UploadDate": "2007-05-18T15:26:50.843-07:00"
      },
      {
        "Id": "a2d0d891-0b62-4090-b2a3-a98287f41bae",
        "FileName": "getopt.net-0.9-doc.zip",
        "Url": "./0/a2d0d891-0b62-4090-b2a3-a98287f41bae",
        "Type": "Documentation",
        "UploadDate": "2007-05-18T15:26:50.86-07:00"
      },
      {
        "Id": "45fc48da-008d-458a-a7b1-b776541ffd9c",
        "FileName": "getopt.net-0.9-bin.zip",
        "Url": "./0/45fc48da-008d-458a-a7b1-b776541ffd9c",
        "Type": "Application",
        "UploadDate": "2007-05-18T15:26:50.873-07:00"
      }
    ]
  },
  {
    "Id": "1",
    "Name": "Gnu.Getopt.Net 0.9.2",
    "DevelopmentStatus": "Planning",
    "Description": "Version 0.9.2 - minor changes release (2007/06/??)\r\n\r\nchanged: switched from VS.NET 2003 to VS 2005 projects and to .NET 2.0\r\nchanged: switched from NDoc to Sandcastle\r\nchanged: japanese messages now with unicode characters instead of \\uXXXX codes for each caracter.\r\ntodo: Add permission assembly attributes.\r\ntodo: Test MessagesBundle translations (encoding) - especially in japanese.\r\ntodo: Write automated test scenarios for the class Getopt.",
    "ReleasedDatge": "0001-01-01T00:00:00",
    "ModifiedDate": "2007-05-18T16:05:08.63-07:00",
    "Files": []
  },
  {
    "Id": "2",
    "Name": "Gnu.Getopt.Net 0.9.1",
    "DevelopmentStatus": "None",
    "Description": "Version 0.9.1 - minor changes release (2004/05/25)\r\n\r\nchanged: for POSIX behavior the UI culture of the actual thread is not changed\r\n         anymore - an own CultureInfo object is used\r\nchanged: revised documentation\r\ntodo: Add permission assembly attributes.\r\ntodo: Test MessagesBundle translations (encoding).\r\ntodo: Write automated test scenarios for the class Getopt.",
    "ReleasedDatge": "0001-01-01T00:00:00",
    "ModifiedDate": "2007-05-18T15:24:30.047-07:00",
    "Files": [
      {
        "Id": "b49a0de0-0783-43fa-938d-8b2445458562",
        "FileName": "gnu.getopt.net-0.9.1-src.zip",
        "Url": "./2/b49a0de0-0783-43fa-938d-8b2445458562",
        "Type": "Source Code",
        "UploadDate": "2007-05-18T15:24:30.047-07:00"
      },
      {
        "Id": "f7a17736-1fe2-46e6-9d8c-292533ee92ef",
        "FileName": "gnu.getopt.net-0.9.1-doc.zip",
        "Url": "./2/f7a17736-1fe2-46e6-9d8c-292533ee92ef",
        "Type": "Documentation",
        "UploadDate": "2007-05-18T15:24:30.06-07:00"
      },
      {
        "Id": "823259cd-661d-4aed-8702-a506a2d63d44",
        "FileName": "gnu.getopt.net-0.9.1-bin.zip",
        "Url": "./2/823259cd-661d-4aed-8702-a506a2d63d44",
        "Type": "Application",
        "UploadDate": "2007-05-18T15:24:30.077-07:00"
      }
    ]
  }
]